gender,cohort,name,ascii_atom,weight
female,1950-1964,Ada,ada,2
female,1950-1964,Adelaide,adelaide,1
female,1950-1964,Adele,adele,2
female,1950-1964,Adriana,adriana,2
female,1950-1964,Alessandra,alessandra,2
female,1950-1964,Alida,alida,1
female,1950-1964,Angela,angela,4
female,1950-1964,Anita,anita,1
female,1950-1964,Anna,anna,4
female,1950-1964,Antonietta,antonietta,1
female,1950-1964,Assunta,assunta,2
female,1950-1964,Barbara,barbara,2
female,1950-1964,Bruna,bruna,1
female,1950-1964,Carla,carla,4
female,1950-1964,Carmela,carmela,2
female,1950-1964,Caterina,caterina,2
female,1950-1964,Cecilia,cecilia,1
female,1950-1964,Cinzia,cinzia,1
female,1950-1964,Clara,clara,2
female,1950-1964,Claudia,claudia,2
female,1950-1964,Clotilde,clotilde,1
female,1950-1964,Concetta,concetta,2
female,1950-1964,Cristina,cristina,2
female,1950-1964,Daniela,daniela,4
female,1950-1964,Donatella,donatella,2
female,1950-1964,Elena,elena,2
female,1950-1964,Elisabetta,elisabetta,2
female,1950-1964,Elsa,elsa,2
female,1950-1964,Emanuela,emanuela,1
female,1950-1964,Enrica,enrica,2
female,1950-1964,Fernanda,fernanda,2
female,1950-1964,Fiorella,fiorella,1
female,1950-1964,Flora,flora,1
female,1950-1964,Franca,franca,2
female,1950-1964,Gabriella,gabriella,4
female,1950-1964,Gemma,gemma,1
female,1950-1964,Gina,gina,2
female,1950-1964,Giovanna,giovanna,4
female,1950-1964,Giuliana,giuliana,2
female,1950-1964,Giuseppina,giuseppina,4
female,1950-1964,Graziella,graziella,1
female,1950-1964,Ida,ida,1
female,1950-1964,Ines,ines,2
female,1950-1964,Irene,irene,2
female,1950-1964,Laura,laura,4
female,1950-1964,Lidia,lidia,2
female,1950-1964,Liliana,liliana,2
female,1950-1964,Lina,lina,2
female,1950-1964,Loredana,loredana,4
female,1950-1964,Lucia,lucia,4
female,1950-1964,Luciana,luciana,2
female,1950-1964,Luisa,luisa,2
female,1950-1964,Manuela,manuela,1
female,1950-1964,Margherita,margherita,1
female,1950-1964,Maria,maria,4
female,1950-1964,Marina,marina,4
female,1950-1964,Marisa,marisa,1
female,1950-1964,Milena,milena,2
female,1950-1964,Mirella,mirella,2
female,1950-1964,Monica,monica,2
female,1950-1964,Nadia,nadia,2
female,1950-1964,Ornella,ornella,4
female,1950-1964,Paola,paola,4
female,1950-1964,Patrizia,patrizia,4
female,1950-1964,Pia,pia,1
female,1950-1964,Piera,piera,1
female,1950-1964,Renata,renata,2
female,1950-1964,Rina,rina,2
female,1950-1964,Rita,rita,4
female,1950-1964,Roberta,roberta,2
female,1950-1964,Rosa,rosa,4
female,1950-1964,Rosanna,rosanna,4
female,1950-1964,Rossana,rossana,2
female,1950-1964,Sandra,sandra,2
female,1950-1964,Silvana,silvana,4
female,1950-1964,Simonetta,simonetta,2
female,1950-1964,Stefania,stefania,2
female,1950-1964,Teresa,teresa,4
female,1950-1964,Tiziana,tiziana,1
female,1950-1964,Valeria,valeria,2
female,1965-1979,Adriana,adriana,2
female,1965-1979,Alba,alba,1
female,1965-1979,Alessandra,alessandra,2
female,1965-1979,Alessia,alessia,1
female,1965-1979,Angelica,angelica,1
female,1965-1979,Anna,anna,4
female,1965-1979,Antonella,antonella,2
female,1965-1979,Antonietta,antonietta,2
female,1965-1979,Assunta,assunta,1
female,1965-1979,Barbara,barbara,4
female,1965-1979,Beatrice,beatrice,1
female,1965-1979,Bruna,bruna,2
female,1965-1979,Carla,carla,4
female,1965-1979,Caterina,caterina,2
female,1965-1979,Cinzia,cinzia,2
female,1965-1979,Claudia,claudia,2
female,1965-1979,Clotilde,clotilde,1
female,1965-1979,Cristina,cristina,4
female,1965-1979,Daniela,daniela,4
female,1965-1979,Donatella,donatella,2
female,1965-1979,Elena,elena,2
female,1965-1979,Elide,elide,1
female,1965-1979,Elisabetta,elisabetta,2
female,1965-1979,Emanuela,emanuela,2
female,1965-1979,Enrica,enrica,2
female,1965-1979,Fiorella,fiorella,2
female,1965-1979,Flavia,flavia,1
female,1965-1979,Franca,franca,2
female,1965-1979,Fulvia,fulvia,1
female,1965-1979,Gabriella,gabriella,4
female,1965-1979,Gaia,gaia,1
female,1965-1979,Giovanna,giovanna,4
female,1965-1979,Giuditta,giuditta,1
female,1965-1979,Giuliana,giuliana,2
female,1965-1979,Graziella,graziella,2
female,1965-1979,Laura,laura,4
female,1965-1979,Leda,leda,1
female,1965-1979,Lidia,lidia,2
female,1965-1979,Liliana,liliana,2
female,1965-1979,Lucia,lucia,2
female,1965-1979,Luciana,luciana,2
female,1965-1979,Ludovica,ludovica,1
female,1965-1979,Luisa,luisa,2
female,1965-1979,Manuela,manuela,1
female,1965-1979,Margherita,margherita,2
female,1965-1979,Maria,maria,4
female,1965-1979,Marina,marina,2
female,1965-1979,Marisa,marisa,2
female,1965-1979,Milena,milena,2
female,1965-1979,Mirella,mirella,2
female,1965-1979,Monica,monica,4
female,1965-1979,Nadia,nadia,2
female,1965-1979,Nicoletta,nicoletta,2
female,1965-1979,Noemi,noemi,1
female,1965-1979,Ornella,ornella,2
female,1965-1979,Paola,paola,4
female,1965-1979,Patrizia,patrizia,4
female,1965-1979,Renata,renata,2
female,1965-1979,Rina,rina,1
female,1965-1979,Rita,rita,2
female,1965-1979,Roberta,roberta,4
female,1965-1979,Romina,romina,1
female,1965-1979,Rosa,rosa,2
female,1965-1979,Rosanna,rosanna,2
female,1965-1979,Rossana,rossana,1
female,1965-1979,Sabrina,sabrina,4
female,1965-1979,Sandra,sandra,4
female,1965-1979,Sara,sara,1
female,1965-1979,Silvia,silvia,4
female,1965-1979,Simona,simona,4
female,1965-1979,Simonetta,simonetta,2
female,1965-1979,Stefania,stefania,4
female,1965-1979,Susanna,susanna,2
female,1965-1979,Teresa,teresa,2
female,1965-1979,Tiziana,tiziana,4
female,1965-1979,Valentina,valentina,2
female,1965-1979,Valeria,valeria,4
female,1965-1979,Veronica,veronica,2
female,1965-1979,Viviana,viviana,2
female,1965-1979,Wilma,wilma,1
female,1980-1989,Adelina,adelina,1
female,1980-1989,Alessandra,alessandra,4
female,1980-1989,Alessia,alessia,4
female,1980-1989,Alice,alice,2
female,1980-1989,Antonella,antonella,2
female,1980-1989,Arianna,arianna,2
female,1980-1989,Ausilia,ausilia,1
female,1980-1989,Barbara,barbara,4
female,1980-1989,Beatrice,beatrice,1
female,1980-1989,Bianca,bianca,1
female,1980-1989,Camilla,camilla,2
female,1980-1989,Carla,carla,2
female,1980-1989,Carlotta,carlotta,1
female,1980-1989,Caterina,caterina,2
female,1980-1989,Cecilia,cecilia,1
female,1980-1989,Chiara,chiara,4
female,1980-1989,Cinzia,cinzia,2
female,1980-1989,Claudia,claudia,4
female,1980-1989,Costanza,costanza,1
female,1980-1989,Cristina,cristina,4
female,1980-1989,Daniela,daniela,4
female,1980-1989,Debora,debora,2
female,1980-1989,Diana,diana,2
female,1980-1989,Donatella,donatella,2
female,1980-1989,Dora,dora,1
female,1980-1989,Elena,elena,2
female,1980-1989,Eleonora,eleonora,2
female,1980-1989,Elisa,elisa,4
female,1980-1989,Elisabetta,elisabetta,2
female,1980-1989,Emanuela,emanuela,2
female,1980-1989,Emma,emma,1
female,1980-1989,Erica,erica,2
female,1980-1989,Ester,ester,1
female,1980-1989,Fabiana,fabiana,2
female,1980-1989,Fabiola,fabiola,2
female,1980-1989,Federica,federica,4
female,1980-1989,Fiorella,fiorella,2
female,1980-1989,Flavia,flavia,2
female,1980-1989,Francesca,francesca,4
female,1980-1989,Gabriella,gabriella,2
female,1980-1989,Giada,giada,2
female,1980-1989,Gianna,gianna,1
female,1980-1989,Giorgia,giorgia,4
female,1980-1989,Giovanna,giovanna,2
female,1980-1989,Giuditta,giuditta,1
female,1980-1989,Giulia,giulia,2
female,1980-1989,Giuliana,giuliana,2
female,1980-1989,Ilaria,ilaria,2
female,1980-1989,Iolanda,iolanda,1
female,1980-1989,Irene,irene,2
female,1980-1989,Isabella,isabella,2
female,1980-1989,Lara,lara,2
female,1980-1989,Laura,laura,4
female,1980-1989,Letizia,letizia,2
female,1980-1989,Lina,lina,1
female,1980-1989,Luisa,luisa,2
female,1980-1989,Manuela,manuela,1
female,1980-1989,Margherita,margherita,2
female,1980-1989,Marina,marina,2
female,1980-1989,Martina,martina,4
female,1980-1989,Michela,michela,4
female,1980-1989,Mirella,mirella,1
female,1980-1989,Monica,monica,4
female,1980-1989,Nadia,nadia,2
female,1980-1989,Nora,nora,1
female,1980-1989,Patrizia,patrizia,1
female,1980-1989,Raffaella,raffaella,2
female,1980-1989,Roberta,roberta,2
female,1980-1989,Romina,romina,1
female,1980-1989,Sabrina,sabrina,2
female,1980-1989,Samantha,samantha,1
female,1980-1989,Sandra,sandra,2
female,1980-1989,Sara,sara,4
female,1980-1989,Serena,serena,2
female,1980-1989,Silvia,silvia,4
female,1980-1989,Simona,simona,4
female,1980-1989,Stefania,stefania,4
female,1980-1989,Tiziana,tiziana,2
female,1980-1989,Valentina,valentina,4
female,1980-1989,Veronica,veronica,2
female,1990-1999,Adelaide,adelaide,1
female,1990-1999,Adele,adele,1
female,1990-1999,Agostina,agostina,1
female,1990-1999,Alba,alba,1
female,1990-1999,Alberta,alberta,1
female,1990-1999,Alessandra,alessandra,2
female,1990-1999,Alessia,alessia,4
female,1990-1999,Alice,alice,4
female,1990-1999,Alma,alma,1
female,1990-1999,Angelica,angelica,2
female,1990-1999,Anna,anna,2
female,1990-1999,Anna Maria,anna-maria,1
female,1990-1999,Arianna,arianna,2
female,1990-1999,Asia,asia,1
female,1990-1999,Aurora,aurora,4
female,1990-1999,Barbara,barbara,2
female,1990-1999,Beatrice,beatrice,2
female,1990-1999,Benedetta,benedetta,2
female,1990-1999,Camilla,camilla,2
female,1990-1999,Carlotta,carlotta,2
female,1990-1999,Caterina,caterina,2
female,1990-1999,Cecilia,cecilia,1
female,1990-1999,Chiara,chiara,4
female,1990-1999,Claudia,claudia,2
female,1990-1999,Costanza,costanza,1
female,1990-1999,Cristina,cristina,2
female,1990-1999,Debora,debora,2
female,1990-1999,Diana,diana,2
female,1990-1999,Elena,elena,2
female,1990-1999,Eleonora,eleonora,4
female,1990-1999,Elisa,elisa,4
female,1990-1999,Elisabetta,elisabetta,2
female,1990-1999,Emanuela,emanuela,2
female,1990-1999,Enrica,enrica,1
female,1990-1999,Erica,erica,2
female,1990-1999,Fabiana,fabiana,2
female,1990-1999,Fabiola,fabiola,2
female,1990-1999,Federica,federica,4
female,1990-1999,Fedora,fedora,1
female,1990-1999,Francesca,francesca,4
female,1990-1999,Gabriella,gabriella,2
female,1990-1999,Gaia,gaia,4
female,1990-1999,Giada,giada,2
female,1990-1999,Giorgia,giorgia,4
female,1990-1999,Giulia,giulia,4
female,1990-1999,Greta,greta,2
female,1990-1999,Ilaria,ilaria,4
female,1990-1999,Irene,irene,2
female,1990-1999,Isabella,isabella,2
female,1990-1999,Lara,lara,2
female,1990-1999,Leda,leda,1
female,1990-1999,Letizia,letizia,2
female,1990-1999,Lisa,lisa,2
female,1990-1999,Livia,livia,1
female,1990-1999,Lucia,lucia,2
female,1990-1999,Luisa,luisa,2
female,1990-1999,Mafalda,mafalda,1
female,1990-1999,Manuela,manuela,1
female,1990-1999,Margherita,margherita,2
female,1990-1999,Marianna,marianna,2
female,1990-1999,Mariella,mariella,1
female,1990-1999,Martina,martina,4
female,1990-1999,Michela,michela,2
female,1990-1999,Micol,micol,1
female,1990-1999,Mirella,mirella,1
female,1990-1999,Nicoletta,nicoletta,1
female,1990-1999,Noemi,noemi,2
female,1990-1999,Raffaella,raffaella,2
female,1990-1999,Rebecca,rebecca,2
female,1990-1999,Roberta,roberta,2
female,1990-1999,Sabrina,sabrina,2
female,1990-1999,Samantha,samantha,2
female,1990-1999,Sara,sara,4
female,1990-1999,Serena,serena,4
female,1990-1999,Silvia,silvia,4
female,1990-1999,Simona,simona,4
female,1990-1999,Sofia,sofia,4
female,1990-1999,Valentina,valentina,4
female,1990-1999,Valeria,valeria,2
female,1990-1999,Veronica,veronica,4
female,2000-2005,Agostina,agostina,1
female,2000-2005,Alessia,alessia,4
female,2000-2005,Alice,alice,4
female,2000-2005,Angela,angela,1
female,2000-2005,Angelica,angelica,2
female,2000-2005,Anna,anna,4
female,2000-2005,Arianna,arianna,4
female,2000-2005,Asia,asia,2
female,2000-2005,Assunta,assunta,1
female,2000-2005,Aurora,aurora,4
female,2000-2005,Ausilia,ausilia,1
female,2000-2005,Azzurra,azzurra,2
female,2000-2005,Beatrice,beatrice,4
female,2000-2005,Benedetta,benedetta,2
female,2000-2005,Bianca,bianca,1
female,2000-2005,Camilla,camilla,4
female,2000-2005,Carlotta,carlotta,2
female,2000-2005,Caterina,caterina,2
female,2000-2005,Cecilia,cecilia,2
female,2000-2005,Chiara,chiara,4
female,2000-2005,Clara,clara,2
female,2000-2005,Claudia,claudia,2
female,2000-2005,Clotilde,clotilde,1
female,2000-2005,Concetta,concetta,1
female,2000-2005,Diana,diana,1
female,2000-2005,Domenica,domenica,1
female,2000-2005,Elena,elena,2
female,2000-2005,Eleonora,eleonora,4
female,2000-2005,Elisa,elisa,4
female,2000-2005,Elisabetta,elisabetta,2
female,2000-2005,Emma,emma,4
female,2000-2005,Erica,erica,2
female,2000-2005,Ester,ester,2
female,2000-2005,Eva,eva,2
female,2000-2005,Federica,federica,4
female,2000-2005,Flavia,flavia,2
female,2000-2005,Flora,flora,1
female,2000-2005,Francesca,francesca,4
female,2000-2005,Fulvia,fulvia,1
female,2000-2005,Gaia,gaia,4
female,2000-2005,Giada,giada,2
female,2000-2005,Giorgia,giorgia,4
female,2000-2005,Giulia,giulia,4
female,2000-2005,Greta,greta,2
female,2000-2005,Ilaria,ilaria,2
female,2000-2005,Irene,irene,2
female,2000-2005,Isabella,isabella,2
female,2000-2005,Lara,lara,2
female,2000-2005,Leda,leda,1
female,2000-2005,Letizia,letizia,2
female,2000-2005,Lisa,lisa,2
female,2000-2005,Lucrezia,lucrezia,2
female,2000-2005,Ludovica,ludovica,2
female,2000-2005,Maddalena,maddalena,2
female,2000-2005,Mara,mara,1
female,2000-2005,Margherita,margherita,2
female,2000-2005,Maria,maria,2
female,2000-2005,Maria Antonietta,maria-antonietta,1
female,2000-2005,Martina,martina,4
female,2000-2005,Matilde,matilde,2
female,2000-2005,Melissa,melissa,2
female,2000-2005,Michela,michela,2
female,2000-2005,Miriam,miriam,2
female,2000-2005,Nicole,nicole,2
female,2000-2005,Noemi,noemi,4
female,2000-2005,Nora,nora,1
female,2000-2005,Patrizia,patrizia,1
female,2000-2005,Rachele,rachele,2
female,2000-2005,Rebecca,rebecca,2
female,2000-2005,Renata,renata,1
female,2000-2005,Rina,rina,1
female,2000-2005,Rossana,rossana,1
female,2000-2005,Sara,sara,4
female,2000-2005,Serena,serena,2
female,2000-2005,Sofia,sofia,4
female,2000-2005,Valentina,valentina,2
female,2000-2005,Veronica,veronica,2
female,2000-2005,Viola,viola,2
female,2000-2005,Vittoria,vittoria,2
female,2000-2005,Wilma,wilma,1
male,1950-1964,Achille,achille,1
male,1950-1964,Adriano,adriano,2
male,1950-1964,Alberto,alberto,2
male,1950-1964,Aldo,aldo,2
male,1950-1964,Alfonso,alfonso,2
male,1950-1964,Alfredo,alfredo,2
male,1950-1964,Amedeo,amedeo,2
male,1950-1964,Amerigo,amerigo,1
male,1950-1964,Amos,amos,1
male,1950-1964,Angelo,angelo,1
male,1950-1964,Antonio,antonio,4
male,1950-1964,Arduino,arduino,1
male,1950-1964,Armando,armando,2
male,1950-1964,Arturo,arturo,2
male,1950-1964,Attilio,attilio,1
male,1950-1964,Augusto,augusto,2
male,1950-1964,Bruno,bruno,4
male,1950-1964,Carlo,carlo,4
male,1950-1964,Carmelo,carmelo,2
male,1950-1964,Cesare,cesare,1
male,1950-1964,Ciro,ciro,2
male,1950-1964,Claudio,claudio,4
male,1950-1964,Corrado,corrado,1
male,1950-1964,Dario,dario,2
male,1950-1964,Domenico,domenico,2
male,1950-1964,Elio,elio,2
male,1950-1964,Emilio,emilio,2
male,1950-1964,Enrico,enrico,2
male,1950-1964,Enzo,enzo,2
male,1950-1964,Ermanno,ermanno,1
male,1950-1964,Ernesto,ernesto,2
male,1950-1964,Ettore,ettore,2
male,1950-1964,Ezio,ezio,2
male,1950-1964,Felice,felice,2
male,1950-1964,Ferdinando,ferdinando,2
male,1950-1964,Franco,franco,4
male,1950-1964,Gaetano,gaetano,2
male,1950-1964,Gennaro,gennaro,2
male,1950-1964,Giorgio,giorgio,4
male,1950-1964,Giovanni,giovanni,4
male,1950-1964,Giuliano,giuliano,2
male,1950-1964,Giuseppe,giuseppe,4
male,1950-1964,Guido,guido,1
male,1950-1964,Ignazio,ignazio,2
male,1950-1964,Ilario,ilario,1
male,1950-1964,Italo,italo,1
male,1950-1964,Luca,luca,2
male,1950-1964,Luciano,luciano,4
male,1950-1964,Luigi,luigi,4
male,1950-1964,Marcello,marcello,2
male,1950-1964,Marino,marino,1
male,1950-1964,Mario,mario,4
male,1950-1964,Massimo,massimo,4
male,1950-1964,Maurizio,maurizio,2
male,1950-1964,Mauro,mauro,2
male,1950-1964,Michele,michele,4
male,1950-1964,Norberto,norberto,1
male,1950-1964,Orazio,orazio,1
male,1950-1964,Ottavio,ottavio,1
male,1950-1964,Paolo,paolo,4
male,1950-1964,Pasquale,pasquale,2
male,1950-1964,Piero,piero,1
male,1950-1964,Pietro,pietro,2
male,1950-1964,Raffaele,raffaele,2
male,1950-1964,Renato,renato,4
male,1950-1964,Riccardo,riccardo,2
male,1950-1964,Roberto,roberto,4
male,1950-1964,Rocco,rocco,2
male,1950-1964,Rosario,rosario,2
male,1950-1964,Salvatore,salvatore,4
male,1950-1964,Saverio,saverio,2
male,1950-1964,Sergio,sergio,4
male,1950-1964,Silvano,silvano,2
male,1950-1964,Silvio,silvio,1
male,1950-1964,Stefano,stefano,2
male,1950-1964,Tiziano,tiziano,1
male,1950-1964,Umberto,umberto,2
male,1950-1964,Vincenzo,vincenzo,4
male,1950-1964,Vito,vito,1
male,1950-1964,Vittorio,vittorio,4
male,1965-1979,Adriano,adriano,2
male,1965-1979,Agostino,agostino,1
male,1965-1979,Alberto,alberto,4
male,1965-1979,Aldo,aldo,2
male,1965-1979,Alessandro,alessandro,4
male,1965-1979,Alfredo,alfredo,2
male,1965-1979,Amerigo,amerigo,1
male,1965-1979,Andrea,andrea,4
male,1965-1979,Angelo,angelo,2
male,1965-1979,Antonio,antonio,4
male,1965-1979,Armando,armando,2
male,1965-1979,Arturo,arturo,2
male,1965-1979,Attilio,attilio,2
male,1965-1979,Basilio,basilio,1
male,1965-1979,Bruno,bruno,2
male,1965-1979,Carlo,carlo,4
male,1965-1979,Carmelo,carmelo,2
male,1965-1979,Cesare,cesare,2
male,1965-1979,Ciro,ciro,2
male,1965-1979,Claudio,claudio,4
male,1965-1979,Corrado,corrado,2
male,1965-1979,Cristiano,cristiano,2
male,1965-1979,Daniele,daniele,4
male,1965-1979,Dario,dario,2
male,1965-1979,Davide,davide,2
male,1965-1979,Domenico,domenico,2
male,1965-1979,Elio,elio,2
male,1965-1979,Emilio,emilio,2
male,1965-1979,Enrico,enrico,4
male,1965-1979,Enzo,enzo,2
male,1965-1979,Ernesto,ernesto,2
male,1965-1979,Ettore,ettore,2
male,1965-1979,Ezio,ezio,2
male,1965-1979,Fabio,fabio,4
male,1965-1979,Fabrizio,fabrizio,4
male,1965-1979,Federico,federico,2
male,1965-1979,Filippo,filippo,2
male,1965-1979,Francesco,francesco,4
male,1965-1979,Franco,franco,2
male,1965-1979,Gabriele,gabriele,2
male,1965-1979,Gaetano,gaetano,2
male,1965-1979,Giacomo,giacomo,1
male,1965-1979,Giancarlo,giancarlo,2
male,1965-1979,Gianfranco,gianfranco,2
male,1965-1979,Gianmarco,gianmarco,1
male,1965-1979,Giordano,giordano,1
male,1965-1979,Giorgio,giorgio,2
male,1965-1979,Giovanni,giovanni,4
male,1965-1979,Girolamo,girolamo,1
male,1965-1979,Giuliano,giuliano,2
male,1965-1979,Giuseppe,giuseppe,2
male,1965-1979,Ilario,ilario,1
male,1965-1979,Italo,italo,1
male,1965-1979,Livio,livio,1
male,1965-1979,Luca,luca,4
male,1965-1979,Luciano,luciano,2
male,1965-1979,Luigi,luigi,2
male,1965-1979,Manlio,manlio,1
male,1965-1979,Marco,marco,4
male,1965-1979,Mario,mario,2
male,1965-1979,Massimiliano,massimiliano,2
male,1965-1979,Massimo,massimo,4
male,1965-1979,Maurizio,maurizio,4
male,1965-1979,Mauro,mauro,2
male,1965-1979,Michele,michele,2
male,1965-1979,Moreno,moreno,1
male,1965-1979,Orazio,orazio,1
male,1965-1979,Ottavio,ottavio,1
male,1965-1979,Paolo,paolo,4
male,1965-1979,Pierluigi,pierluigi,1
male,1965-1979,Renato,renato,2
male,1965-1979,Roberto,roberto,4
male,1965-1979,Rocco,rocco,1
male,1965-1979,Ruggero,ruggero,1
male,1965-1979,Sergio,sergio,2
male,1965-1979,Stefano,stefano,4
male,1965-1979,Teodoro,teodoro,1
male,1965-1979,Tiziano,tiziano,1
male,1965-1979,Vincenzo,vincenzo,4
male,1965-1979,Vito,vito,1
male,1980-1989,Achille,achille,1
male,1980-1989,Agostino,agostino,1
male,1980-1989,Alberto,alberto,2
male,1980-1989,Alessandro,alessandro,4
male,1980-1989,Alessio,alessio,4
male,1980-1989,Alfredo,alfredo,1
male,1980-1989,Amos,amos,1
male,1980-1989,Andrea,andrea,4
male,1980-1989,Antonio,antonio,2
male,1980-1989,Arduino,arduino,1
male,1980-1989,Arturo,arturo,1
male,1980-1989,Basilio,basilio,1
male,1980-1989,Carlo,carlo,2
male,1980-1989,Christian,christian,4
male,1980-1989,Claudio,claudio,2
male,1980-1989,Cristiano,cristiano,2
male,1980-1989,Daniele,daniele,4
male,1980-1989,Dario,dario,2
male,1980-1989,Davide,davide,4
male,1980-1989,Diego,diego,2
male,1980-1989,Domenico,domenico,2
male,1980-1989,Edoardo,edoardo,2
male,1980-1989,Emanuele,emanuele,2
male,1980-1989,Emiliano,emiliano,2
male,1980-1989,Emilio,emilio,1
male,1980-1989,Enrico,enrico,2
male,1980-1989,Ernesto,ernesto,1
male,1980-1989,Fabio,fabio,4
male,1980-1989,Fabrizio,fabrizio,2
male,1980-1989,Federico,federico,4
male,1980-1989,Filippo,filippo,2
male,1980-1989,Flavio,flavio,2
male,1980-1989,Francesco,francesco,4
male,1980-1989,Franco,franco,2
male,1980-1989,Gabriele,gabriele,4
male,1980-1989,Gerardo,gerardo,1
male,1980-1989,Giacomo,giacomo,2
male,1980-1989,Giancarlo,giancarlo,2
male,1980-1989,Gianluca,gianluca,2
male,1980-1989,Giorgio,giorgio,2
male,1980-1989,Giovanni,giovanni,2
male,1980-1989,Girolamo,girolamo,1
male,1980-1989,Giuliano,giuliano,2
male,1980-1989,Giuseppe,giuseppe,2
male,1980-1989,Italo,italo,1
male,1980-1989,Lorenzo,lorenzo,2
male,1980-1989,Luca,luca,4
male,1980-1989,Luciano,luciano,2
male,1980-1989,Luigi,luigi,2
male,1980-1989,Manlio,manlio,1
male,1980-1989,Manuel,manuel,2
male,1980-1989,Marcello,marcello,2
male,1980-1989,Marco,marco,4
male,1980-1989,Mario,mario,2
male,1980-1989,Massimiliano,massimiliano,4
male,1980-1989,Matteo,matteo,4
male,1980-1989,Mattia,mattia,2
male,1980-1989,Maurizio,maurizio,2
male,1980-1989,Mauro,mauro,2
male,1980-1989,Michele,michele,4
male,1980-1989,Mirko,mirko,2
male,1980-1989,Nicola,nicola,4
male,1980-1989,Norberto,norberto,1
male,1980-1989,Noè,noe,1
male,1980-1989,Orazio,orazio,1
male,1980-1989,Paolo,paolo,2
male,1980-1989,Pietro,pietro,1
male,1980-1989,Renato,renato,1
male,1980-1989,Riccardo,riccardo,2
male,1980-1989,Roberto,roberto,4
male,1980-1989,Salvatore,salvatore,2
male,1980-1989,Sergio,sergio,2
male,1980-1989,Silvano,silvano,1
male,1980-1989,Simone,simone,4
male,1980-1989,Stefano,stefano,4
male,1980-1989,Tommaso,tommaso,2
male,1980-1989,Umberto,umberto,2
male,1980-1989,Valerio,valerio,4
male,1980-1989,Vincenzo,vincenzo,2
male,1980-1989,Vito,vito,1
male,1990-1999,Alberto,alberto,2
male,1990-1999,Alessandro,alessandro,4
male,1990-1999,Alessio,alessio,4
male,1990-1999,Amos,amos,1
male,1990-1999,Andrea,andrea,4
male,1990-1999,Antonio,antonio,2
male,1990-1999,Armando,armando,1
male,1990-1999,Basilio,basilio,1
male,1990-1999,Carlo,carlo,2
male,1990-1999,Christian,christian,2
male,1990-1999,Claudio,claudio,2
male,1990-1999,Cristiano,cristiano,2
male,1990-1999,Daniele,daniele,2
male,1990-1999,Dario,dario,2
male,1990-1999,Davide,davide,4
male,1990-1999,Diego,diego,2
male,1990-1999,Dino,dino,1
male,1990-1999,Domenico,domenico,2
male,1990-1999,Edoardo,edoardo,4
male,1990-1999,Eliseo,eliseo,1
male,1990-1999,Emanuele,emanuele,2
male,1990-1999,Emiliano,emiliano,2
male,1990-1999,Enrico,enrico,2
male,1990-1999,Ernesto,ernesto,1
male,1990-1999,Fabio,fabio,2
male,1990-1999,Fabrizio,fabrizio,2
male,1990-1999,Federico,federico,4
male,1990-1999,Filippo,filippo,4
male,1990-1999,Flavio,flavio,2
male,1990-1999,Francesco,francesco,4
male,1990-1999,Gabriele,gabriele,4
male,1990-1999,Gerardo,gerardo,1
male,1990-1999,Giacomo,giacomo,4
male,1990-1999,Gianluca,gianluca,2
male,1990-1999,Giorgio,giorgio,2
male,1990-1999,Giovanni,giovanni,2
male,1990-1999,Giulio,giulio,1
male,1990-1999,Giuseppe,giuseppe,2
male,1990-1999,Italo,italo,1
male,1990-1999,Jacopo,jacopo,2
male,1990-1999,Kevin,kevin,2
male,1990-1999,Leonardo,leonardo,4
male,1990-1999,Lorenzo,lorenzo,4
male,1990-1999,Luca,luca,4
male,1990-1999,Luciano,luciano,1
male,1990-1999,Manlio,manlio,1
male,1990-1999,Manuel,manuel,2
male,1990-1999,Marcello,marcello,2
male,1990-1999,Marco,marco,4
male,1990-1999,Mario,mario,1
male,1990-1999,Massimiliano,massimiliano,2
male,1990-1999,Matteo,matteo,4
male,1990-1999,Mattia,mattia,4
male,1990-1999,Maurizio,maurizio,2
male,1990-1999,Michele,michele,2
male,1990-1999,Mirko,mirko,1
male,1990-1999,Niccolò,niccolo,2
male,1990-1999,Nicola,nicola,2
male,1990-1999,Nicolò,nicolo,1
male,1990-1999,Paolo,paolo,2
male,1990-1999,Pierluigi,pierluigi,1
male,1990-1999,Piero,piero,1
male,1990-1999,Pietro,pietro,2
male,1990-1999,Riccardo,riccardo,4
male,1990-1999,Roberto,roberto,2
male,1990-1999,Rosario,rosario,1
male,1990-1999,Salvatore,salvatore,2
male,1990-1999,Samuele,samuele,2
male,1990-1999,Sebastiano,sebastiano,2
male,1990-1999,Sergio,sergio,2
male,1990-1999,Silvio,silvio,1
male,1990-1999,Simone,simone,4
male,1990-1999,Stefano,stefano,4
male,1990-1999,Tiziano,tiziano,1
male,1990-1999,Tommaso,tommaso,4
male,1990-1999,Valerio,valerio,2
male,1990-1999,Vincenzo,vincenzo,2
male,1990-1999,Vito,vito,1
male,1990-1999,Vittorio,vittorio,2
male,1990-1999,Walter,walter,2
male,2000-2005,Achille,achille,1
male,2000-2005,Agostino,agostino,1
male,2000-2005,Alberto,alberto,2
male,2000-2005,Alessandro,alessandro,4
male,2000-2005,Alessio,alessio,4
male,2000-2005,Alfredo,alfredo,1
male,2000-2005,Amerigo,amerigo,1
male,2000-2005,Andrea,andrea,4
male,2000-2005,Antonio,antonio,2
male,2000-2005,Arrigo,arrigo,1
male,2000-2005,Basilio,basilio,1
male,2000-2005,Carlo,carlo,2
male,2000-2005,Christian,christian,2
male,2000-2005,Claudio,claudio,2
male,2000-2005,Cristiano,cristiano,2
male,2000-2005,Damiano,damiano,2
male,2000-2005,Daniele,daniele,2
male,2000-2005,Dario,dario,2
male,2000-2005,Davide,davide,4
male,2000-2005,Diego,diego,2
male,2000-2005,Edoardo,edoardo,4
male,2000-2005,Elia,elia,2
male,2000-2005,Eliseo,eliseo,1
male,2000-2005,Emanuele,emanuele,2
male,2000-2005,Emiliano,emiliano,2
male,2000-2005,Enea,enea,2
male,2000-2005,Enrico,enrico,2
male,2000-2005,Fabio,fabio,2
male,2000-2005,Fabrizio,fabrizio,2
male,2000-2005,Federico,federico,4
male,2000-2005,Filippo,filippo,4
male,2000-2005,Flavio,flavio,2
male,2000-2005,Francesco,francesco,4
male,2000-2005,Gabriele,gabriele,4
male,2000-2005,Gianluca,gianluca,2
male,2000-2005,Giorgio,giorgio,2
male,2000-2005,Giovanni,giovanni,2
male,2000-2005,Giulio,giulio,1
male,2000-2005,Giuseppe,giuseppe,4
male,2000-2005,Gregorio,gregorio,2
male,2000-2005,Italo,italo,1
male,2000-2005,Jacopo,jacopo,2
male,2000-2005,Kevin,kevin,2
male,2000-2005,Leonardo,leonardo,4
male,2000-2005,Lorenzo,lorenzo,4
male,2000-2005,Loris,loris,2
male,2000-2005,Luca,luca,4
male,2000-2005,Manlio,manlio,1
male,2000-2005,Manuel,manuel,2
male,2000-2005,Marco,marco,4
male,2000-2005,Marino,marino,1
male,2000-2005,Mario,mario,1
male,2000-2005,Massimiliano,massimiliano,2
male,2000-2005,Matteo,matteo,4
male,2000-2005,Mattia,mattia,4
male,2000-2005,Maurizio,maurizio,2
male,2000-2005,Mauro,mauro,1
male,2000-2005,Michele,michele,2
male,2000-2005,Mirko,mirko,2
male,2000-2005,Niccolò,niccolo,2
male,2000-2005,Nicola,nicola,2
male,2000-2005,Nicolò,nicolo,2
male,2000-2005,Norberto,norberto,1
male,2000-2005,Orazio,orazio,1
male,2000-2005,Paolo,paolo,2
male,2000-2005,Pierluigi,pierluigi,1
male,2000-2005,Pietro,pietro,2
male,2000-2005,Riccardo,riccardo,4
male,2000-2005,Roberto,roberto,2
male,2000-2005,Rocco,rocco,1
male,2000-2005,Rosario,rosario,1
male,2000-2005,Samuele,samuele,4
male,2000-2005,Sebastiano,sebastiano,2
male,2000-2005,Sergio,sergio,1
male,2000-2005,Simone,simone,4
male,2000-2005,Stefano,stefano,2
male,2000-2005,Tommaso,tommaso,4
male,2000-2005,Valerio,valerio,2
male,2000-2005,Vincenzo,vincenzo,2
male,2000-2005,Vito,vito,1
